2.3826,-12.685
3.9352,-13.921
5.7901,-12.871
3.8185,-11.726
2.5205,-10.114
-5.0283,9.2161
-10.676,-1.4496
4.473,-12.396
-1.1201,-7.834
0.92621,-9.8867
0.9209,-8.9382
6.7997,-10.942
4.93,10.116
4.9954,10.225
-9.1915,-0.9365
1.5869,1.7057
-7.5958,-0.28293
0.067177,-9.5212
2.4629,1.1656
-4.4309,0.66343
-4.4318,-2.2627
3.4561,-2.4646
-2.8407,-1.628
-8.3751,-0.33009
4.7563,9.8201
5.902,-1.9917
-6.1631,-2.5602
0.19039,-4.0471
2.9899,-7.1137
-4.7334,-2.4165
5.4428,10.822
4.4172,8.9328
4.42,8.9815
4.4457,9.0459
-4.4676,-0.78604
1.3436,-8.2984
-5.4331,-1.7592
-8.087,-0.93483
-10.073,-0.051716
4.5737,9.3793
2.1258,2.0464
-4.4827,-0.80289
3.7776,8.2013
1.2834,0.89349
1.2858,1.0596
1.7708,1.7932
2.1624,-6.4299
3.0127,2.3619
5.0474,10.263
-3.8631,-0.28046
3.6344,7.985
-5.8584,-1.2782
2.841,-5.322
-5.5803,-2.2524
-9.4249,-0.15478
1.3873,1.2962
-5.0769,-2.3523
-4.6928,-0.84241
-3.1694,-0.59106
-1.3488,-2.3576
2.2383,0.50846
4.0726,-1.9324
-0.92449,1.3169
2.1943,0.62852
-2.6498,-1.7684
2.5905,-7.0148
3.8141,-2.0486
-2.8124,-1.0931
3.2606,7.5048
2.9543,-1.6178
-5.9576,0.077965
-0.41162,-1.2254
-8.329,-0.21972
2.7944,7.2149
-3.8398,0.57917
-2.7833,0.077608
3.3304,7.5646
-5.2707,-0.079943
-4.3919,1.5068
-3.7426,-0.28205
-6.4669,-2.3179
-3.8289,-0.28364
-4.9185,-1.7598
0.95719,-6.2669
1.2995,0.92501
3.024,6.6485
4.1949,8.633
-2.9145,-0.21878
-2.0142,-1.7176
-5.2046,-1.4438
-8.1993,-0.45755
-2.2419,-0.75664
-2.4683,0.30645
-5.0641,-0.42286
-3.8537,-0.96141
-0.94121,1.0939
-4.9993,-1.2923
4.0802,8.4416
3.7792,8.1495
-3.65,0.36843
3.0696,7.6855
2.4041,-1.4828
4.625,-1.9665
3.0042,6.8692
-5.0188,-2.1716
-2.6337,-1.2848
-5.6502,-0.11295
-5.3393,-0.20267
1.5323,-3.814
2.6534,6.0821
-4.9166,-2.6702
-3.5856,-1.4301
4.3165,8.861
-4.6414,-1.1336
-3.6413,0.51701
-5.8545,-1.2624
3.6823,8.0688
-5.0015,-1.4673
3.0035,6.8017
-1.3179,0.89929
-4.5739,0.66993
-7.2692,-0.0842
-5.2393,-0.89063
-3.059,-0.84548
-4.3488,-0.97836
2.8474,7.3797
-8.5138,-0.39302
3.1605,7.2743
-3.7007,0.35077
4.0123,-1.912
2.6015,-1.9343
-4.3682,-0.6296
1.89,-6.5208
3.2723,-1.8669
-8.552,-0.76424
-3.4984,-0.65504
2.4417,-1.5513
-7.7252,-2.0185
2.8785,7.6065
-1.0211,0.66418
-4.389,-0.11953
-5.4469,-1.241
-6.1761,-0.090307
-4.4018,-0.51157
1.5015,3.5857
-5.4272,-0.47447
2.1053,0.38203
2.1844,0.56785
-5.4834,-0.21152
-7.3457,-0.094515
-3.4627,0.34998
-3.5708,-0.8555
3.0751,7.0528
-3.2356,-0.61388
1.2915,0.7886
-4.0128,0.18149
-1.0398,-0.85471
2.0782,-0.91938
-5.1845,-0.33117
4.344,-1.9408
-3.6476,1.9041
5.2572,-4.6645
-2.4272,-0.77428
-5.3486,-0.16071
-8.9398,-0.017498
-5.1307,-0.17883
-4.4886,1.1294
-2.5408,0.64851
-6.8601,-0.044006
1.9112,-7.4337
0.28932,-1.663
1.5282,-4.8006
-1.1269,-1.0148
-3.4849,1.0062
-4.6703,-1.2282
0.94231,-6.1589
3.9527,8.3518
-5.0723,-3.8061
2.9016,7.4619
-2.3587,-3.2508
0.82981,-4.3153
2.2008,-1.5281
-2.6615,0.77773
3.55,-1.8481
-5.7534,-1.4227
3.8766,-1.929
-3.4849,-0.62192
-2.1435,-1.4576
-2.6457,0.44038
3.745,-1.9084
2.8805,6.565
-1.9535,0.37931
-2.6479,0.037037
3.5019,7.7501
-6.2068,-2.0361
3.4543,0.38259
3.8926,-1.9714
-4.7471,-1.8077
-5.024,-2.0358
2.8761,6.5443
3.2823,-1.8355
2.3281,0.1362
-6.088,-1.3735
2.7732,-1.5563
-5.3879,-1
1.9457,-0.036893
2.6439,-1.5674
2.0888,0.28447
-6.5368,-3.0446
-1.6066,-2.0559
2.8366,-1.3646
-1.7328,0.0037793
-0.80219,0.45215
1.3764,0.20818
2.1424,0.3433
2.0414,0.27777
1.3154,0.27705
1.2375,0.89555
-2.0779,0.42241
3.0663,7.0217
4.2329,0.57299
-4.3699,-0.92297
-2.7382,-0.96184
-3.8278,-0.57168
3.4721,-1.6831
-5.2004,-1.8146
-3.9963,-1.1399
3.2054,7.3609
2.0004,0.2274
-4.458,-0.77031
2.8502,6.5043
3.0146,6.8806
-3.1371,-0.28749
3.1354,7.2122
-4.9522,-0.43537
1.3017,0.65481
-3.9985,-1.2301
-4.4652,-0.70436
1.9303,4.646
-5.2665,-0.37652
1.2979,0.39995
-3.7297,-0.36852
0.715,-6.4017
3.2412,-1.6636
3.487,7.7534
-2.8651,0.28807
2.2298,-1.1497
-2.9829,0.12848
1.6219,-0.15382
2.5647,5.8892
0.94687,1.9687
-3.5072,-0.084154
0.13223,-0.49616
3.0148,6.8806
4.6453,-4.2507
2.1405,-1.1137
-1.9601,0.90556
-3.137,0.84034
-6.2386,-0.21037
2.2065,0.6849
3.0927,7.1165
3.1881,-1.7125
-3.0156,-2.0212
4.3367,0.59916
-5.0198,-0.3788
-6.1281,-1.1374
-1.368,0.22223
1.2843,0.2691
3.28,-1.7117
3.2394,7.3836
2.944,-0.90076
3.6958,0.4775
2.0194,-0.95606
1.0333,2.2847
-2.1829,-0.73174
4.703,0.64249
1.9972,0.14615
2.4376,-1.2891
2.5368,-1.4451
2.5628,5.9203
-1.9794,-0.71421
-3.7343,-1.1036
2.0902,0.29073
2.5207,-1.238
-2.6415,-1.0405
3.0967,7.1248
1.5856,-0.14615
-0.49383,0.093242
-3.3807,0.8285
-3.1624,-1.2006
-0.16396,-2.3283
-4.7688,-1.0835
-1.578,-0.73249
-2.8146,0.062106
-0.84639,-0.66974
-5.6183,-1.005
-2.6447,-0.92535
-3.245,-1.2923
4.6861,0.53558
1.579,-0.11361
-0.34384,-1.0115
-2.6741,0.20477
-6.4782,-0.0038256
2.7912,6.3712
-1.3164,-1.0837
4.482,0.56196
2.1986,5.149
-1.7617,0.063082
-1.9162,-0.70289
3.6834,0.45144
-1.6241,-0.15956
1.6809,-0.52329
0.25472,-0.59464
-1.7633,1.5833
-1.4894,-0.54181
1.7615,-0.16685
-2.3759,0.77879
2.7013,6.1789
3.1169,-1.6205
4.1426,-1.9445
1.4696,-0.19587
2.0303,-0.93637
2.6584,-1.4179
-1.995,-0.28776
-2.71,0.34807
1.8742,-0.14888
-3.9204,-1.4088
3.1746,-1.6192
-2.6057,-1.1151
2.2878,-1.2175
0.69553,-0.67661
-2.4515,-1.4098
1.8976,4.5492
2.2277,5.2066
-1.3963,0.52654
-2.7101,-1.3383
0.93153,-0.46702
1.7794,-0.12652
1.4331,-5.1891
-3.123,-0.94175
-0.78766,-1.163
-4.9646,-1.4821
-2.0699,-0.016425
2.5815,-1.7251
0.41187,-1.1034
1.4229,-0.087475
-3.4408,-0.40962
3.3366,0.2639
0.061775,-0.45864
4.2586,0.57063
1.5964,-0.3397
-1.7725,0.086841
3.2269,-1.6437
-3.565,-0.56059
1.4719,-0.30341
1.5921,-0.32254
2.9893,0.061562
-2.9169,0.15658
-1.1258,0.37177
3.4598,-1.6929
2.6991,-1.4059
3.9288,0.8585
-0.95657,-1.0053
0.55462,-0.39583
1.9349,4.619
1.5175,-4.2666
1.7061,-5.288
3.2401,0.19831
1.7839,-0.20897
1.9496,0.029437
-1.4464,-0.96998
1.4089,3.3261
-2.6807,-1.1363
0.88652,-0.4556
1.6734,-0.26597
3.7941,-1.7404
1.6633,-4.9087
1.6049,-0.30964
1.5699,-0.30592
2.1981,-1.0258
-3.8656,-1.386
-1.2329,-0.58994
4.2599,0.56061
-1.4998,-0.4859
2.5013,-1.3525
-1.6393,-1.1762
-0.92981,-0.70269
-3.035,-0.23744
-3.7443,-1.4082
-0.11165,-1.8919
1.3136,3.0646
-3.6026,-1.396
1.5282,-0.28536
1.4566,-0.057493
-1.8721,-0.5468
2.0225,-1.2457
-0.55711,-0.99597
2.9867,0.059127
1.4953,-0.26449
-1.2001,-0.09839
2.874,-1.4899
1.4009,0.12281
1.6025,-0.35593
0.16057,-0.99648
1.8877,-0.12171
1.5786,-0.36678
1.5936,-0.35514
1.2998,-2.4608
2.0251,-0.95685
0.89266,0.92028
1.0281,-0.50377
1.6006,-0.33852
1.5873,-0.35256
1.5975,-0.32216
3.0242,0.079484
1.5937,-0.37759
1.5718,-0.3646
-1.053,-0.91295
-1.489,-0.76442
3.9865,0.52865
0.45288,-0.79139
-3.7362,-1.3882
1.6069,-0.33252
4.075,-3.7802
1.3233,0.091583
3.7673,-1.7623
-1.7054,-0.80415
2.0309,-0.91981
1.289,-2.5006
1.5785,-0.40562
-0.029291,-1.6184
-1.933,-1.2669
2.278,-0.0014684
-0.49724,0.25216
-0.074357,-1.3581
1.7002,-0.33509
1.339,-1.3615
1.5644,-0.34997
0.37928,-1.2917
1.0806,2.4448
-3.5298,-0.23733
1.7788,-0.24778
1.4504,-0.037672
0.33926,-1.0506
1.468,-0.30298
1.3326,-2.8353
3.5114,0.35373
1.5111,-0.32077
1.588,-0.34405
1.5726,-0.38268
2.3416,-1.1157
1.5025,-0.36812
-0.2731,-0.66982
1.4395,-1.004
-0.45999,-0.48919
1.5955,-0.34734
1.5941,-0.31956
-1.6593,-0.91123
1.3165,-1.9012
1.5726,3.7531
0.14337,-0.44882
-1.8361,-0.45075
0.77773,-0.51479
0.2715,-0.46604
-5.7652,-0.088775
-0.13173,-0.20985
-1.4277,-0.28285
-0.62285,-0.65818
2.7936,-0.048799
1.688,-0.28326
-0.10407,-0.43616
2.5843,-0.15102
0.5482,-0.45049
1.588,3.8053
-0.51831,-0.72696
-0.81195,-0.58422
4.1225,0.5696
1.4798,-0.29621
0.89641,2.0695
-0.073188,-1.852
0.87845,1.4884
1.5122,-0.36199
1.3742,3.2389
-0.64476,-0.46276
1.8085,-0.64015
1.5187,3.6185
2.0834,-0.94882
1.5095,-0.33295
1.4959,-0.32684
-2.3963,-1.2971
1.5722,-0.37762
1.58,-0.37253
1.5474,-0.33435
-0.58403,-0.69228
1.8366,-0.66939
1.1651,-0.096619
0.33399,-0.48087
1.576,-0.34356
2.25,-1.0334
1.3968,-0.37539
0.25492,-0.43299
1.5728,-0.40275
1.5466,-0.33176
3.0244,0.080804
-0.76015,-0.54755
1.5279,-0.37105
-0.046137,-0.45626
1.5749,-0.36604
3.0935,0.12149
0.57282,-0.87911
0.0018279,-0.48126
1.8518,-0.73787
1.5688,-0.39965
4.4797,0.56186
-1.0494,-0.69939
-0.26526,-0.59491
0.68273,-0.48877
1.5313,-0.27332
1.5652,-0.39661
-1.3265,-0.49458
-0.58688,-0.50871
1.5803,-0.40988
0.095436,-0.46842
1.5987,-0.42077
-0.79237,-0.51913
1.564,-0.4081
-0.29505,-0.62058
1.524,-0.34456
1.5768,-0.39092
1.5812,-0.40781
0.86303,-0.54771
1.5675,-0.38657
1.5677,-0.37702
0.67338,-0.49173
1.657,-0.45655
1.6205,-0.39192
1.5594,-0.39739
1.139,-0.43487
0.93675,-0.49738
1.5808,-0.35275
0.49191,-0.48387
1.1429,-0.51814
-1.3153,-0.84684
1.5735,-0.4119
1.577,-0.40532
0.476,-0.47031
1.1159,-0.48547
1.5984,-0.3759
1.5892,-0.39219
1.5195,-0.35131
-0.15567,-0.57289
1.5815,-0.40568
1.5709,-0.39918
1.1673,-0.47563
1.5781,-0.41922
1.5734,-0.37245
2.3602,5.4749
1.6251,-0.37138
-0.91392,-0.87197
4.1582,14.983
7.3207,12.653
6.5471,11.912
1.7642,-9.4274
-1.7683,-11.259
-8.0367,9.997
-0.51576,-12.035
5.5414,10.888
-0.94914,-9.4326
3.469,-5.6334
7.9108,-1.5001
4.9656,10.24
4.9378,10.106
5.3197,10.702
4.848,9.9509
0.059094,-6.5435
-8.7595,1.5375
2.0539,-9.0016
-2.4613,-0.36498
6.2819,11.637
-6.5817,-0.010924
3.4505,8.0573
8.5562,-2.1173
2.3264,0.9273
4.0649,8.4377
4.625,9.5643
-7.6174,-1.9045
4.9587,10.137
-3.1809,-0.60231
-3.902,-1.8574
4.8159,8.7979
3.8963,0.68305
-2.2042,2.1022
5.8486,11.184
-3.3389,-0.42336
4.6621,9.6228
-4.1591,-0.83171
4.2785,-1.9987
-3.997,1.7341
5.366,10.71
3.47,7.7546
-2.2841,1.7264
4.9704,10.188
3.7055,8.1874
2.3567,0.99079
0.56548,-0.46347
4.6203,9.561
3.3956,7.7109
6.9572,-1.6281
-9.3027,-0.73687
4.3464,-2.1663
5.6376,-1.8276
-2.8141,-1.3604
1.4748,-3.3921
-4.7419,-1.7372
-5.3553,-0.86979
-1.6397,-0.85638
4.2524,8.6154
1.7357,1.7429
-2.4815,-0.28169
-4.7543,-2.9199
-5.5796,-1.076
4.6635,9.6619
0.64598,-0.4722
5.7355,-1.9135
3.727,-1.8768
-0.31111,-7.4709
4.0946,8.4922
-1.6181,0.59165
-8.0106,-0.10923
-3.2167,-0.2962
1.8217,-7.2652
-2.2435,1.6179
4.7229,9.7351
-5.0453,1.2868
-4.0694,1.7718
-1.4688,-0.74353
4.884,10.001
3.4923,7.7652
-6.0142,-3.5829
4.5129,9.1411
-2.8779,1.7702
-2.7988,-2.755
-1.9492,0.60008
-6.0792,-1.6542
-4.0104,0.68189
-2.9064,-1.0493
2.5368,1.7102
-1.5247,1.0779
-0.23512,-0.38646
-5.158,-2.5101
7.1986,-1.6477
-5.6399,-0.22603
-2.1101,-0.73778
3.3203,7.5481
-1.9684,1.6542
2.9716,6.7679
-4.0688,-1.1028
3.2583,7.4866
-2.5271,-0.90374
-3.6183,1.3403
3.5351,8.3509
2.1826,0.46443
-5.0926,-1.2623
-3.8736,-1.1768
2.1087,0.32263
-5.1888,0.82789
-2.3849,-0.37959
-2.4463,-0.59046
-3.5175,-0.029656
0.18608,-4.9042
1.304,-6.3331
-6.5836,-0.57561
5.1577,-1.9357
-2.5942,-3.0386
2.3495,5.4764
-2.1088,0.62733
-1.6105,0.75823
-3.795,-0.62537
-3.8422,1.5449
-0.078693,-0.49925
2.1383,0.46317
-0.73548,-0.51348
1.3639,-7.5659
-2.3379,2.4883
2.0977,-6.9912
-2.3543,1.8245
2.1543,0.33399
-6.7209,-2.2093
1.6235,1.6403
6.3201,-1.6739
-4.9843,-1.3875
3.3738,7.6487
4.2745,8.7281
-2.7144,0.064737
-3.7308,0.086204
-4.8626,-2.2844
-0.31141,-1.9689
0.79251,-6.7905
-0.25702,-2.3319
-5.008,-1.7201
-3.9638,0.97643
4.1335,8.5679
-6.1262,-0.096505
2.1599,0.41446
-2.5677,-0.97179
-2.6546,-0.44368
-2.6709,0.74928
-2.4734,-2.0596
3.1532,7.1703
-2.5104,1.7361
-3.7512,1.6374
-0.8545,0.88648
-6.6068,-0.26833
-4.0245,-2.5512
1.4803,1.4422
-1.2127,-0.26409
-3.2895,0.34034
2.0412,0.18589
-3.0106,0.13617
-4.0495,-2.391
-2.0884,-0.27646
-4.3767,-0.78944
-1.2701,-1.0106
3.6129,7.9241
-5.0751,1.6997
-5.9706,-1.4833
2.9835,6.8151
-4.1622,-0.21286
-2.2758,-1.2826
-3.8606,0.10566
-3.8596,1.1983
8.3902,-1.488
-1.8413,-1.4816
-3.3936,-0.75167
0.83843,-4.983
-3.399,-1.5751
-1.5874,-1.6588
-1.709,-0.47338
-4.8412,-1.476
1.969,-0.12458
-2.7991,-0.075082
2.6684,6.1192
-1.3003,-0.47779
4.9946,-1.8331
-1.4257,-1.1995
-4.8767,-1.3322
-2.6947,-1.1257
-1.3299,-0.82672
3.7587,8.1306
-3.6184,-0.35576
-3.778,1.7462
2.2606,5.3316
-3.7375,0.84959
-2.8847,-1.4116
-2.3069,-0.11953
-4.445,-1.0068
-4.1943,-1.5734
-1.4013,0.50926
-2.1749,-1.2088
5.2267,-4.6433
-4.3855,-0.87078
-2.5273,-1.1224
1.545,3.7799
1.6819,-0.34367
-1.4748,1.1116
-2.7349,-1.0998
-1.0844,-1.3871
2.7145,6.2099
-3.7281,-1.0953
2.0783,0.33089
-3.745,-1.2223
-3.7201,-0.055438
-2.6043,-0.83362
-2.491,-2.6557
2.5639,0.30466
0.99927,1.4042
-1.6498,-1.4604
2.2855,-1.1101
-0.72695,0.41028
-4.1362,1.0756
1.3771,0.35404
5.4715,-1.998
1.4349,-6.0899
3.9641,-3.9094
-2.2356,-1.9744
-5.0137,-1.5671
-3.349,-1.2832
2.0896,4.9168
2.0841,-1.2534
1.5033,0.17184
3.9164,0.54805
-3.931,2.2709
3.7503,1.9896
-3.1104,-0.061174
-5.2353,-0.86894
-5.137,-1.0161
3.0606,7.098
-5.0874,-0.24347
-2.5261,0.33813
-2.3118,-0.564
3.1327,7.1805
-4.7281,-0.92727
2.5355,-1.2977
-2.8479,0.13977
4.6194,-1.8401
5.1097,-1.7737
2.1073,4.965
2.2758,-1.2389
2.0504,0.17479
-3.7097,-1.2117
4.6173,-1.8931
1.6506,-0.23325
-2.1258,-0.53346
-2.6799,-0.22049
2.0288,0.27209
3.4698,7.7054
-10.168,0.22264
-1.8964,-0.77952
5.054,-1.8222
2.8003,-1.5417
2.9905,6.8802
3.7604,0.63476
5.0127,-1.9696
-5.7566,-1.2233
3.6767,-1.9666
1.8309,0.035503
-1.7935,0.73457
4.0427,-3.7573
-0.5005,-0.17976
2.7272,6.2377
-1.6713,-0.72789
2.0139,-0.89321
2.2897,5.3704
-2.4303,2.2889
1.5798,-7.1974
-4.8926,-2.0831
-2.7179,0.56789
-2.1144,-0.63041
-2.8533,0.80958
-1.7344,-0.59799
4.9835,-1.8582
-3.5651,0.34198
-1.9705,-0.35301
4.3127,-3.9795
0.18122,-0.30976
-2.9878,-1.2159
5.0438,-1.826
1.2649,-2.612
2.6444,-1.3326
2.7022,-1.4216
-2.1723,-0.017865
5.2872,-1.8331
2.3575,-1.1945
1.9144,-1.3887
-6.1883,-0.081036
-1.8314,0.60046
2.6318,-1.3749
5.41,-1.8599
6.6311,-1.7377
-6.7744,0.023904
-2.666,0.82286
1.2202,2.8489
4.0847,-1.8967
1.3006,0.2229
2.3666,5.4829
4.7271,-1.9088
4.1154,-1.9652
0.73948,-1.2723
-1.4341,-0.99547
2.978,6.8013
-1.415,1.0126
-1.8121,0.99918
-5.3307,-0.22242
2.0547,0.20997
-1.8673,-1.3306
2.0776,0.11089
-1.5802,0.128
-2.4975,2.0087
1.2045,0.83645
-0.57762,-0.32038
2.0274,0.10381
-2.7522,-1.2079
-0.11331,-0.57307
2.6218,6.0137
1.9399,0.054014
3.2321,-1.6638
2.2772,0.30943
-1.5639,-0.1095
4.0707,-3.7829
1.9428,-0.0042155
-2.6071,0.51608
4.6824,0.58287
2.7115,6.2024
6.2989,-1.7203
3.1783,0.1646
2.8123,-1.4801
-0.12574,-0.51397
-0.10623,-0.34862
-1.5699,-0.20593
1.4126,-0.077874
2.9338,6.6901
-0.99157,-0.62594
3.4003,-1.7118
0.28679,-0.48479
3.4196,-1.7952
-3.172,0.32476
-2.5979,-0.90888
3.8428,0.54436
2.732,-1.3103
-0.36909,-0.37836
-2.9312,0.47186
-0.63511,-0.42211
-4.1237,-1.1126
-6.1745,-0.19133
2.1542,5.064
-0.33453,-0.13767
3.885,0.54755
1.6328,3.9235
3.0874,-1.6377
-4.941,-0.4716
-0.70996,0.078944
2.7169,6.2089
3.2258,-1.6622
1.5567,-0.31816
-5.551,-0.14872
1.3986,0.27422
1.349,-3.0854
-1.018,-0.83558
1.4148,-5.0252
4.1879,-1.8214
4.0557,0.5743
-1.7078,-0.16465
-2.0832,-0.84029
1.345,-3.1254
0.071207,-0.45371
-2.7206,-0.20968
2.5613,-1.3571
2.6136,6.0028
-0.56142,-0.015141
2.1057,0.030138
2.0203,-0.87426
-2.017,-0.55474
1.5486,3.7162
0.5398,-1.945
-5.0584,-0.30285
1.0913,-3.5627
-1.0833,-0.87515
-3.8725,-1.3153
-1.7627,0.94648
4.5417,-1.8663
2.5378,-1.258
2.1898,-1.518
2.2653,0.096948
1.9534,-1.3024
1.2882,-3.1768
1.7155,-5.0104
-1.7456,0.67253
1.6083,3.8628
1.4935,-0.28041
3.8213,-1.7267
1.866,4.492
-2.2572,-1.3095
2.004,0.16497
-0.022129,-0.45473
-3.3165,-0.70453
-1.5701,-1.0062
-1.518,0.40356
1.4203,-0.081495
1.6262,-0.28546
1.5129,-4.1083
1.3428,0.35224
2.1751,5.1039
-2.3838,-1.2628
2.2981,-1.2234
1.6029,-0.32746
1.6133,-0.26465
4.1114,-1.8238
-0.4509,-0.61248
4.4027,0.56486
-0.76332,-2.3152
1.7484,-0.10667
1.5148,-0.20982
1.9137,-0.87035
-0.097178,-1.5875
-2.5739,-1.1782
2.6908,-1.2882
1.6619,-4.2605
1.4715,-0.36244
-2.5176,0.78131
3.2102,-1.6002
-2.953,-0.911
1.8498,-0.030616
-2.7794,0.18359
2.5889,5.9487
-0.31996,-1.4947
-10.691,0.52406
-1.0628,-0.88095
-2.7781,-1.1867
1.4969,-0.25152
-0.22481,-0.42472
-0.69377,-0.27537
1.626,-0.29248
-0.60479,-0.47439
-2.1375,0.55645
1.7743,-0.11923
4.4509,0.56065
1.8379,-0.70511
3.7277,0.45117
4.0534,-1.7738
1.3635,0.22644
1.5914,-0.36822
1.4256,0.081222
1.1945,2.7679
-4.0647,0.8658
1.6424,-0.24688
1.6038,-0.31413
-2.2335,-1.3143
0.95247,0.62775
1.3128,0.1521
1.5846,-0.3273
1.3037,-2.2145
1.5352,-0.23352
0.87156,1.4047
3.8768,0.51465
1.3445,0.31067
1.5919,-0.35003
-1.3144,1.2998
1.6015,-0.41976
-0.84467,0.1846
-0.93932,-0.31272
1.7983,-0.65748
3.3131,-1.6513
-3.6382,-1.4082
1.8113,-0.077097
-0.84189,-0.85761
3.82,-1.7044
1.6028,-0.28057
1.5849,-0.35819
-2.5171,-0.81937
1.383,0.17557
1.5883,-0.36316
2.683,-1.3099
1.4837,-0.29014
1.7172,-0.020885
-0.35312,-0.085495
1.4512,-0.30162
1.9048,4.5496
1.3225,-0.47674
1.6285,-0.37598
2.098,-0.92894
-0.25271,-1.3728
2.5327,-1.233
1.5849,-0.37512
-0.6156,-0.66075
3.3701,0.2803
-1.4967,-0.2745
-1.0058,-0.89096
1.4933,-0.15155
2.4882,-1.297
0.45811,-0.72005
4.5108,0.5649
2.4217,-1.1711
2.1121,-1.1442
-1.5875,-1.1745
1.5965,-0.38015
0.3081,-0.43835
1.5241,-0.23225
1.5759,-0.41331
0.40641,-0.42767
-0.69672,-0.73367
-1.0126,-0.92666
0.50186,-1.3689
1.7176,-0.27392
0.88094,-0.88762
2.6292,-1.2393
1.511,-0.21285
-0.035669,-0.47207
1.5696,-0.40456
-0.029453,-1.5207
1.678,-0.27036
1.885,-0.12027
-1.3989,-1.0525
1.3514,0.082332
-0.17764,-0.049618
1.6365,-0.3367
-0.089044,-0.36095
1.6205,-0.30157
-6.2881,-0.053626
-1.0146,-0.83919
1.3214,-1.3027
2.378,-1.1137
0.38515,-0.99483
0.14996,-0.40873
1.5088,-0.31879
0.53781,-1.1976
3.714,0.46497
1.5737,-0.38678
-1.3441,-0.57763
-0.74812,-0.50203
4.0907,-3.79
1.565,-0.40043
0.41202,-1.6215
-0.77611,-0.62661
0.42196,-1.3487
1.6096,-0.39104
0.10535,-0.46396
1.7872,-0.62677
1.5096,-0.36104
1.5774,-0.24612
-0.21492,0.021262
1.868,-0.86596
1.5853,-0.39066
1.5347,-0.3389
1.582,-0.40647
1.5731,-0.41067
1.5751,-0.40218
1.6037,-0.35829
1.7604,-0.25826
1.1302,-0.48244
1.6791,-0.33336
1.5141,-0.31809
0.86404,-0.51262
1.5741,-0.36857
1.5932,-0.40782
1.8305,-0.71693
1.5231,-0.35348
1.7926,-0.64878
1.3329,-1.5831
3.08,0.11391
1.5751,-0.38335
-0.72269,0.30539
1.5204,-0.28102
1.5142,-0.23719
0.34251,-0.83004
-1.6597,-0.47725
1.5647,-0.39458
1.6863,-0.49622
1.5312,-0.39665
1.5388,-0.35384
1.5281,-0.38713
1.5376,-0.37984
1.5899,-0.41649
0.21043,-0.47263
1.5021,-0.35572
0.0061784,-0.48474
1.5214,-0.39967
1.5301,-0.39178
0.30239,-0.53247
0.0084121,-0.35113
0.80332,-0.51799
-0.58951,-0.74074
0.26753,-0.49004
1.5837,-0.40404
2.1077,-0.92247
-0.044606,-0.55911
1.5933,-0.42722
1.5696,-0.40881
1.4976,-0.33376
1.6913,-0.503
0.083495,-0.50806
0.66144,-0.63871
1.3933,0.027995
1.5008,-0.39178
1.5665,-0.40856
1.593,-0.4175
1.5725,-0.38907
0.74115,-0.50314
1.5707,-0.41384
2.1541,-0.95443
1.3162,-0.44612
1.5966,-0.40289
1.5286,-0.41432
1.5646,-0.40554
1.6336,-0.46605
1.5855,-0.40761
4.4642,-16.956
1.022,-11.329
5.9999,11.35
6.7804,-14.824
-3.1854,7.6192
2.2314,-14.338
8.1531,-12.757
5.1702,10.673
5.7942,11.148
5.4594,10.842
5.1754,-14.417
-5.3848,-4.1491
2.8171,2.3661
5.2316,10.539
5.2688,10.908
4.0278,8.2227
4.9754,10.173
-7.5765,4.0029
2.8518,7.6691
-6.2182,11.998
2.9889,-4.6477
2.9332,2.3195
4.1678,9.8424
-4.1613,-0.65318
4.9608,-10.666
4.956,8.6921
-5.7584,0.9014
5.9584,11.358
-0.10303,-4.4456
3.7294,-6.2641
-0.99239,-6.8733
4.7593,9.7932
-7.0873,-3.5829
-5.6938,-2.4148
-9.9127,-1.3668
5.0408,10.251
-10.013,-1.2312
-8.7589,-2.2611
-7.8487,-1.8145
4.4697,9.1364
4.7499,9.7749
3.2248,7.7206
0.66067,-7.9569
2.5483,1.2959
4.6763,9.6659
4.2202,2.59
-5.3171,-1.24
4.0715,8.4569
6.5904,-2.8495
5.238,10.554
-11.475,-0.18885
-7.8711,-1.8047
-5.347,-3.4493
4.6936,-8.4019
5.3454,10.742
2.4874,1.1334
5.0613,10.305
-7.7507,0.16945
-9.8912,-0.5517
4.5363,9.0809
4.4437,8.3395
-8.653,-1.777
4.8883,10.008
-5.7309,-1.6736
4.901,10.034
3.1969,-8.3705
3.7517,8.5402
-7.1928,-1.9356
4.5311,-6.4042
-5.8282,-1.6026
-9.2675,-1.862
2.5682,1.327
3.9142,8.3279
4.6491,9.5904
-4.1241,-0.65515
4.5424,9.1754
3.3411,7.5395
-7.2774,-2.4249
4.8833,-2.2061
-7.2575,-2.8734
3.0969,-6.3022
5.4906,-2.1592
7.1607,-2.2923
-4.9778,1.2023
-8.1916,-1.6474
-8.6691,2.2493
-3.211,-3.3573
-5.6998,-1.3118
-5.3393,-4.3089
-9.1526,-0.1945
-2.4014,0.82563
3.8057,8.2207
-6.9173,-3.5654
-5.3918,-1.3256
4.571,9.4373
-6.4463,-1.2717
-8.4698,-1.1229
-7.4123,-0.52417
4.1351,-2.0513
3.7521,8.1426
3.3157,-1.7915
-4.2434,-0.40309
4.5759,9.4599
-7.1113,-2.013
-1.714,-2.4868
-7.9224,-1.4117
-0.58667,-2.1113
4.0436,8.4468
2.6577,6.0782
2.705,1.5224
0.29307,-4.0638
3.305,-9.8657
3.897,8.2791
2.2864,0.80847
4.1935,8.4291
-5.398,-1.0098
2.3817,0.96588
-6.9805,0.023305
-7.9497,2.9326
-2.3365,0.72369
-5.7817,-3.0737
6.0407,-2.6983
-4.6643,1.3636
-8.2253,-0.98881
-1.0102,1.2446
-7.1008,-1.4285
-9.3122,-0.4009
4.9538,-2.0695
3.9898,-9.3731
-3.0232,-2.2193
-5.5652,-1.0098
-9.813,-1.4897
-3.6921,0.88209
3.6109,8.1549
-3.2441,2.8937
-2.6593,-2.0757
-6.4044,-2.3866
1.285,0.81004
-1.9602,0.17899
4.5202,9.1619
-3.1759,-1.17
0.061305,-8.2005
-6.31,-1.5061
-8.7335,-2.707
1.5241,1.6223
6.143,-1.962
-7.8102,-1.8474
-5.6963,-1.4868
1.9443,0.98958
1.4347,1.4381
2.3752,-5.3214
-5.8151,-1.7673
6.619,-1.8231
4.1374,8.5252
2.4045,-8.5976
-0.65995,-0.32454
-5.53,-0.21012
-4.3102,-4.323
-3.4707,0.56448
2.2767,0.68015
-5.2808,-0.70718
0.93467,-7.848
-7.5185,-3.1903
-0.52681,0.97405
-10.269,0.074061
-4.138,-0.39444
-0.44783,-0.6683
-5.1406,-3.1636
4.0289,-2.4607
4.047,-7.7465
-5.39,-0.79128
-1.3987,1.4736
3.8443,-1.8923
-2.6096,-1.2979
-2.0266,-1.2964
4.2739,-4.0587
4.4815,9.1885
4.7845,-2.0992
3.0923,7.1149
-7.661,-1.5607
2.3479,0.90339
2.3579,0.9334
3.5813,-2.062
-4.3532,0.038594
3.682,2.7614
0.75317,-5.4855
-7.1445,0.0016889
2.8209,-0.44564
7.0265,-5.5327
-2.4398,1.9274
1.7618,4.6174
-3.5074,1.8411
3.5042,7.7797
-5.414,-1.4264
2.1978,0.40732
-6.3997,-1.7296
2.4046,-1.5643
-6.0284,-0.055868
3.6288,7.946
0.97616,0.28809
5.7441,-2.0837
3.9107,-4.0402
2.286,0.71743
2.662,6.1046
-6.5623,-1.7713
-7.0576,-2.3828
2.4542,5.7028
2.5845,-2.2249
-4.8233,0.90349
-4.1281,2.0871
2.4357,5.7008
-5.2924,-0.42902
-5.4668,-0.35824
3.7771,8.146
2.0812,0.2041
2.3071,0.85914
-3.9724,2.049
-8.1327,-0.66484
-4.1663,-1.0536
-5.276,-3.3808
0.43505,-0.65398
-6.6845,-1.3953
-3.3502,-0.59847
4.8578,-2.1349
-5.4146,-0.48523
-9.198,-1.2062
3.0384,-0.88259
-6.4486,-2.8689
2.5832,-7.752
1.5756,4.6657
-0.63312,0.83647
-4.1762,0.43887
2.2249,0.51652
2.4928,0.55706
-2.4387,1.8248
3.429,-1.9906
-5.8404,-2.0065
-7.9034,-0.62085
2.174,0.52198
2.3285,-1.1576
1.2958,0.93098
-3.8961,2.5219
2.8527,-1.9544
2.2343,0.62619
2.2314,5.2104
2.8347,-1.9469
3.981,-3.7607
-5.8181,-1.1509
1.3631,0.86587
1.3947,0.43694
-2.6173,-0.4362
-2.6867,0.83211
1.2783,0.91624
-5.6598,-1.4548
3.1334,7.2072
1.8355,1.8465
-3.6473,0.62046
4.0037,0.58647
-2.3061,0.3505
-5.4224,-0.64986
-3.5208,-1.2741
2.2266,5.2124
-3.9731,1.8559
-4.0226,0.71272
2.7331,-1.437
-3.0296,-0.95157
4.5238,-2.347
1.3481,0.27552
0.24794,-0.43776
2.4357,-1.5115
2.246,0.84874
3.9297,-2.2036
-3.7259,-0.82588
-6.3668,-2.3859
2.8838,6.5779
2.273,0.65983
-6.0402,-1.7196
2.224,-1.6344
2.1029,5.795
-6.7193,-3.7086
-10.618,0.27811
-7.4773,-2.2891
-4.5128,-0.86003
-3.5014,-1.2732
1.4584,1.5318
4.2658,-2.0139
-8.9701,-0.15887
2.2876,0.67322
3.1574,7.3256
3.5682,-1.9779
3.0171,-1.91
-6.7358,-0.023524
-3.2942,0.01315
-4.9637,-0.55121
1.9689,4.7454
3.0689,-1.6965
-10.171,0.10864
-3.7579,0.6915
-3.4903,-1.3085
-3.113,-0.32321
-5.5539,-1.5754
3.0209,6.9077
-6.3523,-0.7613
-2.8316,-0.18014
-4.8913,-0.54883
3.1522,-2.0973
-6.4332,-0.25873
5.2937,-4.728
-1.3105,2.6772
1.2285,0.98715
-6.8,-0.14806
2.4476,-1.1231
6.2363,-1.9501
-3.5295,0.37383
0.48272,-0.5063
2.6644,6.1095
-3.7835,1.9391
-5.8034,-1.507
-2.1873,-0.5939
-7.8281,-0.924
0.87071,-0.46654
-2.1354,-0.73038
1.3254,0.26978
2.0897,0.13003
2.1947,0.65656
2.5894,5.9685
2.2418,-1.9282
-2.1213,1.1171
-0.0027989,-2.484
-1.8167,0.5043
-3.4264,0.50823
-4.9827,-1.9283
-3.9717,0.36368
3.5271,0.37941
-5.321,-0.68047
-8.9048,-0.24778
3.3901,0.30732
1.9726,-1.0827
-2.5676,1.4349
2.4572,-1.3519
3.6545,-1.8843
-2.3268,-0.07293
2.5526,5.8915
-3.519,0.40663
-4.7811,-0.70934
-2.6749,-1.472
-1.8201,-0.21992
1.5105,0.13688
-4.381,-0.85612
1.3455,0.30804
-3.8627,-0.89023
-3.536,0.21303
3.977,-1.9571
2.1221,0.33243
0.67077,-0.41537
-5.9382,-1.1012
4.178,-3.8998
4.7608,-2.3806
3.2686,0.22841
-1.0277,-0.89856
-3.4597,1.8116
5.6956,-1.9066
3.4042,-2.2627
-4.7197,-0.63687
-2.1686,-0.95026
2.3808,-1.3971
-3.8068,-1.3756
3.1592,7.3074
2.0865,0.28836
-2.0394,-1.0323
-2.9235,0.12271
-2.2964,0.17696
-1.9745,0.44393
-0.51618,0.041575
-1.7537,0.039457
1.9944,0.66055
-1.5493,0.71795
2.337,-1.2843
-5.313,-0.11571
-2.4989,0.35615
3.4881,-1.8333
0.68901,-6.9993
1.5011,-4.6704
-1.7623,-1.0455
-1.7917,-0.0047492
0.51867,-1.4636
3.6373,-1.8255
4.0357,-1.7001
2.3966,-1.7976
4.1982,-1.801
-2.0601,0.25213
2.074,-1.6667
-5.9444,-0.15982
6.1153,-1.8137
-2.8884,-1.1376
-2.3847,-1.2604
-1.9631,-0.80385
2.9092,-1.6835
2.9499,6.7279
3.0667,-2.0805
-2.2565,-0.43004
-3.6794,0.0082266
-4.7903,-0.56109
1.9559,-1.6382
5.3415,-4.7153
1.2153,-4.7596
-1.2323,-0.43219
2.0625,0.44011
2.9539,6.7488
-1.9246,-0.99221
1.9902,0.10157
4.6139,0.58852
-0.16268,-0.52687
1.4237,-0.016107
1.7166,4.1395
1.5399,3.6744
5.9446,-5.052
-2.1837,-0.38894
-2.2405,2.2522
-4.3573,-0.01418
1.977,-1.4632
2.1684,0.33369
2.9851,-1.017
1.4132,-3.4283
2.0999,0.29852
1.6042,-0.066162
2.45,-1.3113
1.6062,-0.25211
-4.0744,-0.68869
-4.1866,-0.56992
-4.9697,-0.33007
-4.6886,-0.69524
2.0926,-1.5822
-7.5976,0.024687
2.0989,0.32995
1.3901,-0.15082
-2.9941,-0.32657
-1.3834,0.35213
3.7499,0.54384
-3.0212,-0.78508
0.72185,-0.90009
2.0921,0.14315
-2.0717,-1.1676
1.4679,-6.0905
1.8652,-0.24458
1.6356,-0.22129
1.1131,-5.3981
3.3398,0.2643
-7.4017,0.054582
0.51801,-0.42542
1.4181,-0.078509
-1.2302,0.2489
-3.3188,-0.44429
-2.6875,-1.2605
2.2996,-1.7601
3.1964,-1.8136
0.87729,1.0516
-0.77091,-0.88842
-3.8876,-1.2311
2.2208,-1.5106
-3.9069,-1.2211
-2.8927,-1.3187
3.5238,0.38042
2.4161,1.1877
-7.0092,0.093804
3.4069,-1.7859
-1.8981,-0.14548
2.27,-1.2772
2.085,0.38671
3.5083,-0.85384
0.97912,-0.80626
-2.5555,-1.6809
4.3695,-4.0365
-4.985,-0.51438
-1.8179,-0.1553
0.90001,1.7781
2.5092,5.7757
1.0055,2.1843
1.3781,0.13516
-1.2655,-0.37148
-2.8892,-0.49538
3.973,-1.9789
0.71342,-0.42379
2.0603,-0.92557
2.931,-1.4546
-2.6504,-0.89859
-0.7979,-2.0594
-3.9936,-1.0806
2.4618,-1.4817
-5.1015,-0.24434
-0.16183,-1.0694
1.407,-0.21918
3.5065,-1.7311
1.7208,-0.20482
4.7094,0.52075
-4.956,-0.44787
-1.683,-0.83444
1.4302,-0.13826
-2.4947,-2.3785
3.076,-1.5687
1.6805,4.0515
0.73818,-0.43775
1.2612,-3.6357
-0.41648,-1.8838
1.5784,-0.37798
1.5806,-0.25062
-2.1123,-1.3799
-9.4877,0.13653
2.7364,-1.3571
-1.3458,0.36115
-2.231,-0.26742
2.5658,-1.3842
-1.4549,-1.0439
0.054803,-0.46647
-0.66221,1.371
-0.78279,-0.23953
1.5995,-0.23479
1.4699,3.4801
-2.0568,1.4334
-0.16839,-1.5699
0.24609,-0.47738
-0.040277,-0.36673
2.0442,-0.85839
-0.73916,-0.90674
1.6403,-0.28982
1.4945,-0.26986
2.1366,-0.92872
2.0246,-0.91459
1.8043,4.3279
-2.085,0.15243
1.284,-2.0978
0.85676,1.3121
1.3201,-2.2385
0.070015,0.15685
-1.5647,-0.34484
1.5364,-0.36842
-0.90718,-2.5293
1.5006,-5.003
1.4268,-0.1337
-0.9052,0.2935
-1.4209,-1.0925
-0.56941,0.123
1.69,-0.23361
-5.4228,-0.1358
-2.3127,-0.59117
1.9367,-0.036098
-1.4001,-1.2956
-8.5234,-0.090599
1.4869,-0.28514
-2.2537,-0.57066
1.3381,-3.1734
-3.6014,-1.364
1.6759,4.0132
-2.7403,-0.85898
-2.8674,-0.17401
-0.74514,-0.15649
-6.4542,-0.00034146
1.4237,-0.1314
3.28,-1.6578
1.5715,-0.3855
-1.9408,-1.0547
1.1462,2.6186
1.4341,-0.76831
-3.2564,-0.84041
1.483,-0.31444
1.5824,-0.33417
3.5888,-1.6879
-1.7585,-0.639
1.5669,-0.20866
-2.5368,0.44712
-0.53388,-0.093976
-2.3087,-0.72764
1.4976,-0.31234
-0.66159,-0.73903
3.221,-1.7465
-2.6142,-1.3581
2.3003,-1.2797
-0.92079,-0.54132
1.5816,-0.26738
1.5924,-0.31754
1.4518,-0.088425
1.3858,3.2653
0.55171,-1.2394
1.4463,-0.26754
-0.58529,-0.68684
1.8386,-0.038797
2.1763,-1.026
1.3217,-1.8719
1.3365,-1.816
1.6021,-0.33979
1.6543,-0.32803
1.6233,-0.22637
2.505,-1.2774
0.8689,1.4195
-1.217,-0.88676
-1.6907,0.81657
-0.18773,-1.4439
1.3353,-0.33139
1.4692,-0.37027
-1.5256,-0.74953
1.0051,0.3609
1.5824,-0.35955
2.319,-1.2255
-1.221,-0.87234
1.605,-0.34955
0.45505,-0.93121
1.3982,-0.39215
1.6144,-0.32815
1.3178,3.0813
2.1075,0.43007
1.2886,-2.489
1.5975,-0.31684
-0.50925,-0.3059
1.5695,-0.37925
1.3574,-1.2983
-1.3518,-0.71521
1.6155,3.8784
1.5012,-0.32923
1.4794,-0.31043
-0.26557,-0.20136
0.46813,-0.94057
1.5006,-0.34533
1.8831,-0.75901
1.4502,-0.16048
1.5391,-0.34093
0.46715,-1.2761
1.5069,-0.36061
-1.5074,-0.90844
0.11092,-0.44496
0.096249,-0.44751
-0.42308,-0.4311
-0.60603,-0.58952
-0.25692,-0.37779
-0.49014,-0.70211
1.5596,-0.3471
1.7669,-0.22313
-1.4701,-0.50248
-0.61415,-0.59537
0.82675,-0.52309
-3.3794,-0.72672
2.367,-1.1142
1.4934,-0.29406
1.4981,-0.35399
-0.37691,-0.65508
0.50035,-0.61868
2.204,-1.0064
1.6863,-0.33442
1.4432,-0.29511
0.11036,-0.55956
1.5733,-0.37313
1.178,2.6979
-1.1502,-0.52468
-5.1805,-0.1985
1.7848,-0.66268
0.24131,-1.2635
0.49749,-1.2185
1.5889,-0.41232
-0.18356,-0.45779
1.5724,-0.37963
4.0965,-1.6621
1.5152,-0.41403
1.5837,-0.38087
2.1306,-0.98358
1.9143,-0.81088
1.6812,-0.33582
1.5358,-0.39757
1.5697,-0.3666
0.69663,-0.47758
3.131,0.1416
1.5155,-0.28338
2.0283,-0.90548
1.5382,-0.28208
0.054789,-0.51882
-0.67743,-0.61921
1.5342,-0.26741
1.4851,-0.35943
1.5792,-0.39628
3.6358,0.41865
0.99268,-0.51092
1.4739,-0.0012883
1.5533,-0.43375
1.9468,-0.80372
-1.3733,-0.49128
0.14183,-0.48853
-1.3562,-0.76502
-0.23775,-0.94009
-1.1454,-0.97529
0.5557,-0.72763
0.33751,-0.48173
1.6844,-0.55427
0.59191,-0.98382
1.5849,-0.41275
1.5777,-0.3885
0.9861,-0.49981
1.4945,-0.42152
0.65552,-0.52011
-0.10962,-0.22874
0.37559,-0.43895
0.1482,-1.3408
0.62657,-0.63976
1.5639,-0.37452
1.6357,-0.36479
1.3931,-0.066844
0.45674,-0.61646
0.94003,-0.56852
1.5049,-0.39295
1.5169,-0.37321
1.5491,-0.39373
0.70269,-0.57984
0.6001,-1.0529
1.7438,-0.60093
-0.14849,-0.57032
0.77968,-0.46932
1.1822,-0.46753
2.2121,-1.0075
1.5629,-0.40604
1.1451,-0.47639
1.5919,-0.41273
0.7519,-0.47348
1.54,-0.41549
